{
  "新增交易记录" : {
    "transaction" : "新增交易记录",
    "sampleCount" : 32402,
    "errorCount" : 0,
    "errorPct" : 0.0,
    "meanResTime" : 31.950466020615952,
    "medianResTime" : 28.0,
    "minResTime" : 16.0,
    "maxResTime" : 617.0,
    "pct1ResTime" : 37.0,
    "pct2ResTime" : 43.0,
    "pct3ResTime" : 120.0,
    "throughput" : 54.02539370242849,
    "receivedKBytesPerSec" : 23.53059139773741,
    "sentKBytesPerSec" : 19.679155446807446
  },
  "根据 ID 更新交易记录" : {
    "transaction" : "根据 ID 更新交易记录",
    "sampleCount" : 32402,
    "errorCount" : 0,
    "errorPct" : 0.0,
    "meanResTime" : 31.87991482007287,
    "medianResTime" : 28.0,
    "minResTime" : 16.0,
    "maxResTime" : 799.0,
    "pct1ResTime" : 37.0,
    "pct2ResTime" : 42.0,
    "pct3ResTime" : 120.0,
    "throughput" : 54.02566394109565,
    "receivedKBytesPerSec" : 23.51245611206799,
    "sentKBytesPerSec" : 20.610849880450587
  },
  "分页获取交易记录" : {
    "transaction" : "分页获取交易记录",
    "sampleCount" : 32404,
    "errorCount" : 0,
    "errorPct" : 0.0,
    "meanResTime" : 91.66201703493438,
    "medianResTime" : 31.0,
    "minResTime" : 16.0,
    "maxResTime" : 29664.0,
    "pct1ResTime" : 139.0,
    "pct2ResTime" : 339.0,
    "pct3ResTime" : 858.0,
    "throughput" : 54.00558655493557,
    "receivedKBytesPerSec" : 58.26895343603545,
    "sentKBytesPerSec" : 12.446583750616655
  },
  "Total" : {
    "transaction" : "Total",
    "sampleCount" : 129605,
    "errorCount" : 0,
    "errorPct" : 0.0,
    "meanResTime" : 46.144554608232404,
    "medianResTime" : 28.0,
    "minResTime" : 15.0,
    "maxResTime" : 29664.0,
    "pct1ResTime" : 42.0,
    "pct2ResTime" : 109.0,
    "pct3ResTime" : 371.9900000000016,
    "throughput" : 216.00401325306828,
    "receivedKBytesPerSec" : 117.35838688174154,
    "sentKBytesPerSec" : 63.73947228086689
  },
  "根据 ID 删除交易记录" : {
    "transaction" : "根据 ID 删除交易记录",
    "sampleCount" : 32397,
    "errorCount" : 0,
    "errorPct" : 0.0,
    "meanResTime" : 29.080377812760403,
    "medianResTime" : 28.0,
    "minResTime" : 15.0,
    "maxResTime" : 586.0,
    "pct1ResTime" : 36.0,
    "pct2ResTime" : 38.0,
    "pct3ResTime" : 54.9900000000016,
    "throughput" : 54.01939876177407,
    "receivedKBytesPerSec" : 12.072347208072312,
    "sentKBytesPerSec" : 11.025443692588652
  }
}